Asset,Machine,Package,InstalledVersion,LatestVersion,CVE,StartDate,Severity,vulnerability,EndDate
Huub,LRV154B1,ibstdc++,4.4.7,4.6.0,CVE-2018-11218,7/2/2019,2,1,9/2/2019
Huub,LRV51XQ,iptables-ipv6,1.4.7,1.7.2,CVE-2019-6654,8/2/2019,3,1,10/2/2019
Hemant,LRV154B2,ibstdc++,4.4.7,4.6.0,CVE-2018-11218,9/2/2019,2,1,10/2/2019
Jick,LRV51XQ2,iptables-ipv6,1.4.7,1.7.2,CVE-2019-6654,10/2/2019,3,1,11/2/2019
Abhishek,LRV154B3,ibstdc++,4.4.7,4.6.0,CVE-2018-11218,11/2/2019,2,1,12/2/2019
Abhishek,LRV51XQ4,iptables-ipv6,1.4.7,1.7.2,CVE-2019-6654,12/3/2019,3,1,13/3/2019
